date,cot_noncomm_net,cot_noncomm_net_pct_oi,cot_comm_net,cot_comm_net_pct_oi,cot_noncomm_net_change_1w,cot_noncomm_net_ma_4w,cot_noncomm_trader_count
2010-01-05,227767,0.4486755456098085,-278551,-0.5487143524090748,,227767.0,260
2010-01-12,229342,0.43828951240860287,-282488,-0.5398554463695329,1575.0,228554.5,260
2010-01-19,221469,0.4187161104430882,-273647,-0.5173654438066717,-7873.0,226192.66666666666,259
2010-01-26,211924,0.4175307596071439,-248618,-0.48982494852875985,-9545.0,222625.5,237
2010-02-02,210169,0.43706900137254084,-244579,-0.5086282909786632,-1755.0,218226.0,234
2010-02-09,181519,0.3887707349460811,-213427,-0.45711011876077573,-28650.0,206270.25,241
2010-02-16,188858,0.4048324898340654,-219878,-0.4713263838425411,7339.0,198117.5,232
2010-02-23,200622,0.4299915125639773,-238044,-0.5101977829788329,11764.0,195292.0,231
2010-03-02,207372,0.4295319251179612,-251537,-0.5210113797831751,6750.0,194592.75,243
2010-03-09,208194,0.42152299310196817,-251787,-0.5097841910149441,822.0,201261.5,243
2010-03-16,200346,0.4035320586286283,-242295,-0.48802471796503794,-7848.0,204133.5,243
2010-03-23,183872,0.371351306592237,-223823,-0.4520370882755083,-16474.0,199946.0,239
2010-03-30,173766,0.372346671580833,-207691,-0.44504133471044277,-10106.0,191544.5,222
2010-04-06,203446,0.4090287662750207,-244906,-0.4923842151398908,29680.0,190357.5,245
2010-04-13,220742,0.4173952834041781,-263484,-0.4982150150513561,17296.0,195456.5,267
2010-04-20,210651,0.4040584035692775,-257396,-0.493721923205291,-10091.0,202151.25,249
2010-04-27,225668,0.418996975441476,-265522,-0.4929937559298243,15017.0,215126.75,254
2010-05-04,230547,0.417948355377654,-271586,-0.49234612484046875,4879.0,221902.0,274
2010-05-11,235825,0.4041531848967616,-282644,-0.48439085250486713,5278.0,225672.75,277
2010-05-18,231670,0.39959776320464746,-279744,-0.482518568092204,-4155.0,230927.5,288
2010-05-25,227691,0.3850294237012987,-268379,-0.45383353625541123,-3979.0,231433.25,246
2010-06-01,224546,0.40535427385143064,-267623,-0.48311760989258956,-3145.0,229933.0,256
2010-06-08,227398,0.4026225583931784,-273577,-0.48438540205951924,2852.0,227826.25,263
2010-06-15,230251,0.40451402309189677,-278944,-0.49005980281234846,2853.0,227471.5,271
2010-06-22,238634,0.3961315447427089,-288916,-0.479599476105184,8383.0,230207.25,280
2010-06-29,244725,0.4071028615725507,-289956,-0.4823451520283196,6091.0,235252.0,273
2010-07-06,209042,0.36183212977643614,-249142,-0.43124147528611884,-35683.0,230663.0,261
2010-07-13,204921,0.3607268720140544,-248348,-0.43717236013364363,-4121.0,224330.5,264
2010-07-20,178307,0.3187052815774845,-215664,-0.3854770471497284,-26614.0,209248.75,253
2010-07-27,188901,0.3372834630204297,-227555,-0.40630032888980944,10594.0,195292.75,253
2010-08-03,185515,0.3576930566883193,-222029,-0.4280960120930968,-3386.0,189411.0,237
2010-08-10,190687,0.36454792593074076,-230980,-0.4415785026324946,5172.0,185852.5,240
2010-08-17,204228,0.3756442279748526,-249570,-0.4590434709035194,13541.0,192332.75,257
2010-08-24,221191,0.39749381810862877,-264300,-0.47496333994651946,16963.0,200405.25,263
2010-08-31,238077,0.4123602239188571,-284561,-0.4928726322936441,16886.0,213545.75,263
2010-09-07,239697,0.4093438121195975,-287680,-0.4912870326727736,1620.0,225798.25,259
2010-09-14,244261,0.41117365644432025,-292939,-0.49311515037252257,4564.0,235806.5,277
2010-09-21,244013,0.40832708603863505,-292308,-0.4891430942850641,-248.0,241512.0,284
2010-09-28,257649,0.4159600780099708,-302740,-0.48875700669025907,13636.0,246405.0,294
2010-10-05,259620,0.4206388811478863,-299498,-0.48524960952942625,1971.0,251385.75,296
2010-10-12,255874,0.4151224403048759,-300022,-0.4867468550347025,-3746.0,254289.0,295
2010-10-19,249752,0.396038222337804,-293082,-0.4647477268618801,-6122.0,255723.75,304
2010-10-26,239086,0.39350408669117914,-282435,-0.46485083494902746,-10666.0,251083.0,288
2010-11-02,230228,0.37230768733192,-276612,-0.44731646024053134,-8858.0,243735.0,286
2010-11-09,246179,0.3782922841460191,-290953,-0.44709449201246537,15951.0,241311.25,298
2010-11-16,218479,0.3427471036262521,-264908,-0.41558433408896595,-27700.0,233493.0,278
2010-11-23,221329,0.3554275491720089,-263893,-0.42378017446267296,2850.0,229053.75,243
2010-11-30,227607,0.37924513211520966,-270469,-0.4506629920787526,6278.0,228398.5,252
2010-12-07,232751,0.3855842632597344,-278673,-0.4616604156174623,5144.0,225041.5,265
2010-12-14,220195,0.3702922045162549,-268135,-0.4509107847951407,-12556.0,225470.5,261
2010-12-21,206424,0.3545993784925438,-251808,-0.43256094397672007,-13771.0,221744.25,262
2010-12-28,215788,0.3629800333058588,-259770,-0.436962774815388,9364.0,218789.5,267
2011-01-04,202318,0.3413998680420443,-254582,-0.42959233091410415,-13470.0,211181.25,278
2011-01-11,177372,0.30156125941252576,-225064,-0.38264541916661426,-24946.0,200475.5,253
2011-01-18,164993,0.28068053457450426,-206471,-0.3512415111800651,-12379.0,190117.75,271
2011-01-25,160589,0.31734008896406857,-197483,-0.39024636051592043,-4404.0,176318.0,265
2011-02-01,151194,0.3266185216468967,-193197,-0.41735596998965235,-9395.0,163537.0,246
2011-02-08,167093,0.35568426856032304,-209911,-0.44682925375548926,15899.0,160967.25,247
2011-02-15,172844,0.36515437999767614,-218626,-0.4618745312615534,5751.0,162930.0,255
2011-02-22,180424,0.3593251798876362,-231806,-0.4616555039741575,7580.0,167888.75,284
2011-03-01,197253,0.3824333441905914,-250596,-0.48585454376250525,16829.0,179403.5,281
2011-03-08,190940,0.37060328329587316,-247464,-0.4803130349718758,-6313.0,185365.25,281
2011-03-15,174571,0.34380612887978573,-220154,-0.433578856152513,-16369.0,185797.0,273
2011-03-22,174837,0.34340277845976774,-224799,-0.4415346934286068,266.0,184400.25,263
2011-03-29,193121,0.39245296055372325,-240769,-0.48928136691276136,18284.0,183367.25,260
2011-04-05,204706,0.40220765645753265,-258665,-0.5082266443464661,11585.0,186808.75,279
2011-04-12,201745,0.39183601329265,-253688,-0.4927214778070623,-2961.0,193602.25,285
2011-04-19,214926,0.399530807924959,-266548,-0.4954921125912266,13181.0,203624.5,292
2011-04-26,201266,0.3796526148204598,-248994,-0.46968302234160547,-13660.0,205660.75,279
2011-05-03,192656,0.368844565527461,-240102,-0.4596810785663277,-8610.0,202648.25,284
2011-05-10,176339,0.34566040250827695,-221581,-0.434343949144469,-16317.0,196296.75,266
2011-05-17,164603,0.3232809075268479,-206949,-0.40644860987815323,-11736.0,183716.0,258
2011-05-24,172394,0.3245491170601303,-217237,-0.4089705937723559,7791.0,176498.0,275
2011-05-31,191774,0.38247706422018346,-240508,-0.47967291583566013,19380.0,176277.5,250
2011-06-07,198708,0.3956348518967608,-247684,-0.49314784838656367,6934.0,181869.75,254
2011-06-14,191695,0.38509984330427094,-237429,-0.4769757724295874,-7013.0,188642.75,259
2011-06-21,203227,0.39460327446137594,-251247,-0.48784309613681903,11532.0,196351.0,279
2011-06-28,165902,0.33464108713674534,-208755,-0.42107991552381085,-37325.0,189883.0,248
2011-07-05,157775,0.3221331122826074,-202002,-0.41243246995602123,-8127.0,179649.75,251
2011-07-12,197597,0.37984667494550195,-244249,-0.46952722211756204,39822.0,181125.25,280
2011-07-19,219297,0.4043518665344008,-263814,-0.48643475887908366,21700.0,185142.75,301
2011-07-26,235617,0.43921193615855225,-282973,-0.5274879113586626,16320.0,202571.5,287
2011-08-02,247175,0.466893840798031,-287634,-0.5433176615923975,11558.0,224921.5,303
2011-08-09,203573,0.39898828551437315,-249206,-0.48842564917692854,-43602.0,226415.5,289
2011-08-16,200086,0.3891913551070108,-248847,-0.48403736965262095,-3487.0,221612.75,296
2011-08-23,187681,0.3551067130855975,-230436,-0.4360024218572618,-12405.0,209628.75,288
2011-08-30,176947,0.34741403344812555,-217355,-0.4267502542575875,-10734.0,192071.75,264
2011-09-06,184371,0.3523277545700887,-227714,-0.43515499891074616,7424.0,187271.25,277
2011-09-13,168847,0.3297355038783912,-210468,-0.4110157244740933,-15524.0,179461.5,275
2011-09-20,150529,0.30144626278646897,-197628,-0.3957657462812102,-18318.0,170173.5,275
2011-09-27,127801,0.2745963808566137,-166683,-0.3581392050948188,-22728.0,157887.0,240
2011-10-04,133156,0.304760596905612,-164751,-0.377073606152156,5355.0,145083.25,254
2011-10-11,134502,0.3070191056632199,-168478,-0.3845739459928325,1346.0,136497.0,240
2011-10-18,126978,0.2900769636701322,-159153,-0.3635796673360153,-7524.0,130609.25,244
2011-10-25,129721,0.2923468019462593,-168114,-0.37887150316751667,2743.0,131089.25,257
2011-11-01,139945,0.31630635008532326,-182400,-0.4122639483765977,10224.0,132786.5,257
2011-11-08,155707,0.3348667260238031,-196935,-0.4235325238396325,15762.0,138087.75,262
2011-11-15,159214,0.3384003910816383,-204163,-0.4339369593402623,3507.0,146146.75,273
2011-11-22,160970,0.352178003369287,-192413,-0.42097052967816745,1756.0,153959.0,232
2011-11-29,154793,0.36578870257292473,-193545,-0.45736289392593155,-6177.0,157671.0,229
2011-12-06,159711,0.3776066541200503,-201500,-0.476408893596497,4918.0,158672.0,232
2011-12-13,150503,0.3518899974047169,-186217,-0.43539264763303165,-9208.0,156494.25,227
2011-12-20,133936,0.31628587958863186,-164554,-0.388589375745339,-16567.0,149735.75,231
2011-12-27,130788,0.3121841769205982,-163932,-0.3912971869815847,-3148.0,143734.5,225
2012-01-03,130971,0.30942295198157227,-161843,-0.3823589864745142,183.0,136549.5,220
2012-01-10,132760,0.31766617295530514,-166574,-0.39857581420500904,1789.0,132113.75,229
2012-01-17,136029,0.31427231435317604,-172976,-0.39963219495515645,3269.0,132637.0,229
2012-01-24,142223,0.3330499822027389,-179768,-0.42097079375784485,6194.0,135495.75,230
2012-01-31,171359,0.40307150938647435,-209862,-0.49363846137561657,29136.0,145592.75,239
2012-02-07,177507,0.40706919444756584,-221072,-0.5069749415792745,6148.0,156779.5,247
2012-02-14,167420,0.3882977242998024,-209408,-0.48568062268649514,-10087.0,164627.25,248
2012-02-21,180961,0.3962568648232007,-229302,-0.5021109057625099,13541.0,174311.75,261
2012-02-28,193220,0.40334499544926977,-245351,-0.5121679845692672,12259.0,179777.0,261
2012-03-06,163265,0.36833698440380014,-200208,-0.45168291411824957,-29955.0,176216.5,246
2012-03-13,150906,0.341170060521931,-191688,-0.4333704860067056,-12359.0,172088.0,250
2012-03-20,131463,0.30499096369470047,-166138,-0.3854361206294558,-19443.0,159713.5,231
2012-03-27,147821,0.35422857197630503,-185076,-0.4435040162567337,16358.0,148363.75,229
2012-04-03,141765,0.3476668931065011,-177464,-0.43521572685960647,-6056.0,142988.75,217
2012-04-10,136653,0.3382592100279958,-171049,-0.4234001420830765,-5112.0,139425.5,221
2012-04-17,142005,0.3563255596874482,-176091,-0.44185573839598924,5352.0,142061.0,219
2012-04-24,134994,0.3414207274355129,-167237,-0.42296826669431875,-7011.0,138854.25,218
2012-05-01,140393,0.34078286873865216,-178003,-0.43207548085792236,5399.0,138511.25,215
2012-05-08,123303,0.29512587422630077,-151455,-0.36250771904125917,-17090.0,135173.75,234
2012-05-15,114142,0.2704203595907044,-138917,-0.3291162332293273,-9161.0,128208.0,234
2012-05-22,115151,0.264286009373293,-135598,-0.3112144427664526,1009.0,123247.25,226
2012-05-29,110712,0.263605648692472,-130709,-0.3112185737313419,-4439.0,115827.0,219
2012-06-05,128864,0.3039668255724263,-156122,-0.3682635083655509,18152.0,117217.25,219
2012-06-12,132315,0.320962827839823,-158790,-0.3851845023820844,3451.0,121760.5,223
2012-06-19,136404,0.32594171453695653,-163691,-0.3911448725423664,4089.0,127073.75,232
2012-06-26,122619,0.29645469974710964,-144160,-0.34853415470313187,-13785.0,130050.5,234
2012-07-03,137215,0.32280717438151074,-166637,-0.3920243349299406,14596.0,132138.25,219
2012-07-10,126235,0.29366947847408653,-152766,-0.355390434891847,-10980.0,130618.25,220
2012-07-17,128959,0.2989889107083653,-158819,-0.36821873471252003,2724.0,128757.0,215
2012-07-24,112977,0.2688034147362811,-136245,-0.3241643984239679,-15982.0,126346.5,212
2012-07-31,126064,0.31250139438725044,-156012,-0.38673981105742894,13087.0,123558.75,226
2012-08-07,115500,0.2974856665997002,-146418,-0.3771191024432459,-10564.0,120875.0,225
2012-08-14,114304,0.294456022484009,-143940,-0.3708006708107175,-1196.0,117211.25,227
2012-08-21,130684,0.3277366350091662,-171222,-0.4294000958000938,16380.0,121638.0,237
2012-08-28,158491,0.37155704134715245,-203624,-0.4773642098748356,27807.0,129744.75,251
2012-09-04,170464,0.3835055535682548,-219386,-0.4935690197057745,11973.0,143485.75,257
2012-09-11,182016,0.3952307227960767,-237091,-0.5148209349642043,11552.0,160413.75,260
2012-09-18,191115,0.39931342703542977,-249633,-0.5215802460881429,9099.0,175521.5,273
2012-09-25,203896,0.41652571111056635,-262355,-0.5359477524738722,12781.0,186872.75,264
2012-10-02,208326,0.4331930431600223,-269270,-0.5599199846956174,4430.0,196338.25,279
2012-10-09,211949,0.43758658350520996,-266988,-0.5512192402742594,3623.0,203821.5,282
2012-10-16,194020,0.4192072182634511,-247383,-0.5345054080799264,-17929.0,204547.75,279
2012-10-23,182043,0.39936073500118463,-232665,-0.510413833045218,-11977.0,199084.5,268
2012-10-30,170222,0.37432654120358355,-222764,-0.48986898065276574,-11821.0,189558.5,264
2012-11-06,160173,0.35820545047120234,-207742,-0.46458714447371596,-10049.0,176614.5,269
2012-11-13,171594,0.37322434917272235,-224795,-0.4889388182120711,11421.0,171008.0,272
2012-11-20,180815,0.38136245620917514,-236064,-0.4978898147972387,9221.0,170701.0,279
2012-11-27,200407,0.41806067509016986,-258712,-0.5396883011767455,19592.0,178247.25,261
2012-12-04,165736,0.3815144930205149,-217596,-0.5008931531066996,-34671.0,179638.0,262
2012-12-11,163699,0.3775467842596394,-214880,-0.49558795717573906,-2037.0,177664.25,256
2012-12-18,157781,0.3620972961064116,-202134,-0.4638845922587219,-5918.0,171905.75,260
2012-12-24,150096,0.3520900774102745,-187664,-0.4402158104621159,-7685.0,159328.0,253
2012-12-31,148519,0.3470143063756014,-188659,-0.4408013252615125,-1577.0,155023.75,244
2013-01-08,142808,0.32360459003317443,-178472,-0.40441962909921503,-5711.0,149801.0,261
2013-01-15,145116,0.3240838549890235,-185113,-0.4134081331388896,2308.0,146634.75,252
2013-01-22,151897,0.32923104933361363,-195950,-0.4247142742576983,6781.0,147085.0,256
2013-01-29,126948,0.29473576678940744,-167097,-0.38794988832600447,-24949.0,141692.25,256
2013-02-05,137465,0.3242236698727776,-174607,-0.41182644546230734,10517.0,140356.5,258
2013-02-12,126835,0.2915157393446843,-160653,-0.36924254403706835,-10630.0,135786.25,260
2013-02-19,103651,0.2317310916854837,-132082,-0.2952938809273626,-23184.0,123724.75,287
2013-02-26,116599,0.26874922209570873,-137620,-0.3172005587081487,12948.0,121137.5,262
2013-03-05,107587,0.24756204755790567,-133798,-0.3078746209035726,-9012.0,113668.0,271
2013-03-12,114507,0.2569432134113914,-142121,-0.3189064985829719,6920.0,110586.0,274
2013-03-19,135610,0.30770662019640943,-162364,-0.36841293180126705,21103.0,118575.75,269
2013-03-26,132446,0.3155527283210277,-158473,-0.37756208201997965,-3164.0,122537.5,250
2013-04-02,120206,0.28814217500527356,-142522,-0.34163518514967306,-12240.0,125692.25,274
2013-04-09,119359,0.28656728601508236,-143802,-0.3452521289851697,-847.0,126905.25,270
2013-04-16,128882,0.3120002517653837,-141929,-0.34358470331628266,9523.0,125223.25,256
2013-04-23,104255,0.2511720801592005,-104388,-0.2514925049509244,-24627.0,118175.5,264
2013-04-30,97052,0.23047968709554081,-95563,-0.22694360072859052,-7203.0,112387.0,233
2013-05-07,89423,0.20419426804679275,-87719,-0.20030324411836567,-7629.0,104903.0,230
2013-05-14,83726,0.18865450219239938,-84146,-0.18960086163774262,-5697.0,93614.0,233
2013-05-21,80259,0.17991781872146018,-84122,-0.1885775644661243,-3467.0,87615.0,240
2013-05-28,56879,0.13839139077520493,-59221,-0.14408967374775244,-23380.0,77571.75,227
2013-06-04,61200,0.1640482387598811,-61652,-0.16525983686314036,4321.0,70516.0,208
2013-06-11,59005,0.15783321385390697,-58322,-0.15600624859567092,-2195.0,64335.75,213
2013-06-18,43692,0.1158613228110929,-44115,-0.11698302334091741,-15313.0,55194.0,210
2013-06-25,34152,0.08742419626926612,-35208,-0.09012740402460534,-9540.0,49512.25,219
2013-07-02,20751,0.05056298870123953,-22776,-0.055497211250514746,-13401.0,39400.0,210
2013-07-09,16557,0.03836422027276898,-19041,-0.044119896008564,-4194.0,28788.0,212
2013-07-16,23462,0.053288453108568806,-24607,-0.05588905317716105,6905.0,23730.5,213
2013-07-23,34191,0.07864519838987924,-34696,-0.07980678550891317,10729.0,23740.25,218
2013-07-30,28366,0.07144458297127457,-25774,-0.06491619126777236,-5825.0,25644.0,196
2013-08-06,51635,0.13037100251980752,-54159,-0.1367437421413819,23269.0,34413.5,205
2013-08-13,53926,0.1380781314412862,-60874,-0.15586856383482653,2291.0,42029.5,197
2013-08-20,60396,0.15670584572273683,-67665,-0.1755662800653849,6470.0,48580.75,197
2013-08-27,78289,0.20382346355915876,-87638,-0.2281633524428407,17893.0,61061.5,195
2013-09-03,78191,0.20122032816585345,-92461,-0.23794340477219855,-98.0,67700.5,194
2013-09-10,68724,0.17889234805968285,-80224,-0.20882747993044637,-9467.0,71400.0,194
2013-09-17,58796,0.15287889503681823,-65337,-0.16988652910096935,-9928.0,71000.0,193
2013-09-24,67139,0.17751496499354866,-71527,-0.18911680098144976,8343.0,68212.5,195
2013-10-01,73047,0.1952340097981831,-78128,-0.2088140884295378,5908.0,66926.5,198
2013-10-08,82317,0.22223452103907604,-90416,-0.2440997176071662,9270.0,70324.75,180
2013-10-15,61933,0.16224422165579067,-64824,-0.16981769694048365,-20384.0,71109.0,189
2013-10-22,76665,0.19639110687580213,-82148,-0.2104367918559107,14732.0,73490.5,192
2013-10-29,100236,0.25889670064003556,-106787,-0.2758170913768254,23571.0,80287.75,194
2013-11-05,91136,0.23561774165193022,-93900,-0.24276362733844198,-9100.0,82492.5,195
2013-11-12,61352,0.1519215530903328,-65785,-0.16289867274167988,-29784.0,82347.25,196
2013-11-19,48120,0.12102920093563721,-51515,-0.12956814809225584,-13232.0,75211.0,202
2013-11-26,26555,0.06732465925685542,-28236,-0.0715864838552653,-21565.0,56790.75,183
2013-12-03,22691,0.058718649401194506,-22299,-0.05770425115672453,-3864.0,39679.5,179
2013-12-10,26380,0.06991542830488215,-28962,-0.07675855324359351,3689.0,30936.5,189
2013-12-17,25904,0.06720770460158991,-27099,-0.07030812179580315,-476.0,25382.5,179
2013-12-24,27339,0.07101518544109472,-26518,-0.06888257388810673,1435.0,25578.5,182
2013-12-31,32223,0.08489790541430642,-33021,-0.08700039520484784,4884.0,27961.5,179
2014-01-07,38887,0.10152707031729331,-41884,-0.10935170656439203,6664.0,31088.25,182
2014-01-14,44013,0.10594666679504894,-45255,-0.10893636893213232,5126.0,35615.5,187
2014-01-21,46583,0.11335194021788061,-46091,-0.11215474049722722,2570.0,40426.5,188
2014-01-28,66341,0.17333221856147402,-64979,-0.16977365776678102,19758.0,48956.0,178
2014-02-04,64939,0.17633098819101822,-65782,-0.17862001363097,-1402.0,55469.0,178
2014-02-11,71201,0.18887559586495584,-72654,-0.19272998331445487,6262.0,62266.0,184
2014-02-18,84631,0.21670528889856222,-91751,-0.2349366894132408,13430.0,71778.0,191
2014-02-25,109464,0.28248555495054234,-116663,-0.301063475637608,24833.0,82558.75,193
2014-03-04,115166,0.29284504635539305,-121149,-0.30805866767022827,5702.0,95115.5,196
2014-03-11,118890,0.2862474117590408,-125367,-0.30184186449655703,3724.0,107037.75,194
2014-03-18,136814,0.3252628225549538,-145934,-0.3469447918103018,17924.0,120083.5,204
2014-03-25,117317,0.2945709378703574,-127621,-0.32044322359038224,-19497.0,122046.75,199
2014-04-01,100145,0.27553920611031474,-114029,-0.31373967880126896,-17172.0,118291.5,183
2014-04-08,88599,0.2424712643678161,-101743,-0.27844280240831965,-11546.0,110718.75,189
2014-04-15,79292,0.21454798323488744,-87605,-0.23704126609610446,-9307.0,96338.25,189
2014-04-22,81833,0.21963107197397697,-90526,-0.24296215978292668,2541.0,87467.25,184
2014-04-29,85227,0.22541339144970007,-97171,-0.2570035864286999,3394.0,83737.75,175
2014-05-06,97956,0.24204595997034842,-110471,-0.2729701013096121,12729.0,86077.0,187
2014-05-13,91634,0.23079926151490193,-102321,-0.2577166907203252,-6322.0,89162.5,190
2014-05-20,96491,0.24160742768002685,-106010,-0.26544240818687387,4857.0,92827.0,179
2014-05-27,73391,0.18454091703441078,-78638,-0.19773444473780158,-23100.0,89868.0,188
2014-06-03,59151,0.15478841579417021,-63444,-0.16602248908125536,-14240.0,80166.75,196
2014-06-10,61127,0.16141741640237767,-63150,-0.1667595309079482,1976.0,72540.0,191
2014-06-17,78295,0.2061246357047517,-78325,-0.20620361570438311,17168.0,67991.0,196
2014-06-24,120859,0.30800890954871196,-131607,-0.3354001651426649,42564.0,79858.0,200
2014-07-01,146025,0.3634153200618198,-160455,-0.3993275478891922,25166.0,101576.5,202
2014-07-08,150021,0.36502170358547126,-166003,-0.4039081052672558,3996.0,123800.0,199
2014-07-15,142458,0.348847118285468,-156906,-0.3842269717509697,-7563.0,139840.75,204
2014-07-22,146146,0.3603054112623485,-160191,-0.3949316719959962,3688.0,146162.5,196
2014-07-29,139153,0.37160283816731515,-148932,-0.39771728883987106,-6993.0,144444.5,192
2014-08-05,121463,0.3370769990731028,-131642,-0.365325163317071,-17690.0,137305.0,193
2014-08-12,147681,0.4011827857674525,-160687,-0.4365142320042161,26218.0,138610.75,195
2014-08-19,137976,0.3765710246424,-147662,-0.40300654201271285,-9705.0,136568.25,196
2014-08-26,113169,0.31123902664407826,-123548,-0.33978350311324285,-24807.0,130072.25,194
2014-09-02,96879,0.2607673983553827,-103707,-0.2791461986730011,-16290.0,123926.25,197
2014-09-09,95141,0.24754319731696592,-97955,-0.25486482056298965,-1738.0,110791.25,209
2014-09-16,72187,0.18697420223787817,-76243,-0.19747979693327808,-22954.0,94344.0,206
2014-09-23,63884,0.1655935384200649,-64319,-0.16672110070816096,-8303.0,82022.75,220
2014-09-30,64870,0.1707671491073356,-60729,-0.15986616614982863,986.0,74020.5,204
2014-10-07,66447,0.17482050162199708,-63407,-0.16682233278170525,1577.0,66847.0,223
2014-10-14,85415,0.2146887685211949,-78823,-0.19811991806059998,18968.0,70154.0,227
2014-10-21,107984,0.2626983605679991,-104898,-0.2551908859355272,22569.0,81179.0,240
2014-10-28,100739,0.24309017639535727,-98864,-0.238565671677807,-7245.0,90146.25,223
2014-11-04,63225,0.15148175390594115,-55307,-0.13251089542547864,-37514.0,89340.75,246
2014-11-11,56043,0.1263875044539964,-50024,-0.1128135275200599,-7182.0,81997.75,236
2014-11-18,81422,0.17713642999018833,-70997,-0.15445647515429983,25379.0,75357.25,235
2014-11-25,76207,0.19633642066753404,-68485,-0.17644179365958598,-5215.0,69224.25,200
2014-12-02,89330,0.24266477598398353,-89408,-0.24287666283640433,13123.0,75750.5,203
2014-12-09,114862,0.30603506846103223,-116601,-0.3106684109420419,25532.0,90455.25,211
2014-12-16,118408,0.3185211288443898,-115091,-0.3095982977487135,3546.0,99701.75,198
2014-12-23,110910,0.29559289148534695,-105225,-0.2804414570962549,-7498.0,108377.5,202
2014-12-30,115837,0.3097395061794418,-113134,-0.3025118855987721,4927.0,115004.25,196
2015-01-06,122178,0.31007991959819403,-122672,-0.3113336598810723,6341.0,116833.25,208
2015-01-13,130226,0.3238582669332617,-137676,-0.3423856277418007,8048.0,119787.75,206
2015-01-20,162455,0.37768989696090466,-177810,-0.4133885727039393,32229.0,132674.0,244
2015-01-27,188925,0.43106103646307486,-206160,-0.47038530251278293,26470.0,150946.0,238
2015-02-03,185015,0.4410117180423528,-203273,-0.4845324701328172,-3910.0,166655.25,227
2015-02-10,155274,0.3948661350042723,-170591,-0.4338176954062742,-29741.0,172917.25,220
2015-02-17,131734,0.338187045927143,-143635,-0.3687392498652222,-23540.0,165237.0,229
2015-02-24,126171,0.31597492656026566,-135694,-0.33982374463758463,-5563.0,149548.5,223
2015-03-03,115820,0.2858877775693368,-123387,-0.30456600941933826,-10351.0,132249.75,217
2015-03-10,81892,0.19929036936809777,-89342,-0.21742050725448872,-33928.0,113904.25,232
2015-03-17,53093,0.12354737072355715,-56490,-0.131452187146587,-28799.0,94244.0,227
2015-03-24,54281,0.12513861128209383,-52925,-0.1220125090198194,1188.0,76271.5,241
2015-03-31,80019,0.20645535817949612,-81115,-0.20928312499193724,25738.0,67321.25,222
2015-04-07,100757,0.25797358226801276,-108289,-0.2772581681691677,20738.0,72037.5,229
2015-04-14,98397,0.24905021400241464,-103593,-0.2622016811401988,-2360.0,83363.5,230
2015-04-21,101245,0.2547819587849383,-105006,-0.26424647502761844,2848.0,95104.5,222
2015-04-28,101257,0.2509000805302608,-106872,-0.26481323174131205,12.0,100414.0,234
2015-05-05,72440,0.18110543316299488,-74162,-0.1854105623168695,-28817.0,93334.75,223
2015-05-12,77440,0.1909213731349171,-77502,-0.19107422857311915,5000.0,88095.5,234
2015-05-19,122621,0.28609859611709837,-132334,-0.3087609105990009,45181.0,93439.5,231
2015-05-26,104694,0.25413570702081023,-109720,-0.26633589101881006,-17927.0,94298.75,222
2015-06-02,104410,0.26186033446694956,-108150,-0.27124025641797334,-284.0,102291.25,224
2015-06-09,75090,0.1849193117425856,-78589,-0.193536073918472,-29320.0,101703.75,231
2015-06-16,75723,0.1821499189354322,-76637,-0.18434852472108496,633.0,89979.25,226
2015-06-23,95114,0.22069339966309184,-100888,-0.23409083526305288,19391.0,87584.25,236
2015-06-30,67155,0.1518309929211103,-74769,-0.16904551425386785,-27959.0,78270.5,228
2015-07-07,50448,0.11157482665958929,-52589,-0.11631003328578221,-16707.0,72110.0,243
2015-07-14,47824,0.10336659000916432,-48469,-0.10476069026334446,-2624.0,65135.25,239
2015-07-21,28279,0.06150817817991996,-21584,-0.04694623281712198,-19545.0,48426.5,272
2015-07-28,24465,0.05582022533437376,-15266,-0.03483145554688534,-3814.0,37754.0,248
2015-08-04,29900,0.06885069990535907,-14820,-0.0341259990835258,5435.0,32617.0,253
2015-08-11,32442,0.07449556705221028,-24458,-0.056162153349453146,2542.0,28771.5,261
2015-08-18,41659,0.09627063651993863,-29948,-0.06920744671017359,9217.0,32116.5,262
2015-08-25,70733,0.163675449029744,-62636,-0.14493907264539957,29074.0,43683.5,255
2015-09-01,72685,0.17716209167531943,-69088,-0.16839478007380435,1952.0,54379.75,230
2015-09-08,59293,0.14059402653818065,-55979,-0.13273595553574308,-13392.0,61092.5,240
2015-09-15,39547,0.09567830296637336,-32979,-0.07978796757094159,-19746.0,60564.5,237
2015-09-22,61125,0.14577728807738538,-57228,-0.13648331520805906,21578.0,58162.5,243
2015-09-29,76645,0.1843757517440462,-73143,-0.17595140726485448,15520.0,59152.5,237
2015-10-06,86819,0.20179765147782106,-88469,-0.20563282724508866,10174.0,66034.0,251
2015-10-13,117159,0.26875768475528067,-118494,-0.2718201170835551,30340.0,85437.0,248
2015-10-20,151301,0.32343648459144236,-163300,-0.3490867736087834,34142.0,107981.0,265
2015-10-27,157434,0.3372766613822357,-165848,-0.3553022837310939,6133.0,128178.25,250
2015-11-03,116342,0.262090560937148,-124988,-0.281567920702861,-41092.0,135559.0,239
2015-11-10,68389,0.1567023962825313,-71894,-0.16473354016488476,-47953.0,123366.5,250
2015-11-17,34399,0.07900986733306384,-28473,-0.06539864393076329,-33990.0,94141.0,265
2015-11-24,16302,0.04099018116443092,-11983,-0.030130373015174565,-18097.0,58858.0,238
2015-12-01,9750,0.024939888473934618,-2911,-0.007446155420269095,-6552.0,32210.0,246
2015-12-08,19623,0.04978839361831689,-13997,-0.0355138432184468,9873.0,20018.5,252
2015-12-15,13656,0.034930834083653925,-8266,-0.021143693214373413,-5967.0,14832.75,251
2015-12-22,26427,0.0652045182016018,-22251,-0.05490088676368266,12771.0,17364.0,242
2015-12-29,19102,0.04753160147307654,-15335,-0.0381581566636807,-7325.0,19702.0,237
2016-01-05,26560,0.06420297422211908,-19275,-0.04659308464349945,7458.0,21436.25,246
2016-01-12,44718,0.11247972029730988,-43585,-0.10962987184485556,18158.0,29201.75,249
2016-01-19,43694,0.10687441143737694,-40143,-0.09818875585505155,-1024.0,33518.5,253
2016-01-26,59040,0.15321136629038537,-59833,-0.15526923575969898,15346.0,43503.0,247
2016-02-02,72822,0.19204873610506745,-77355,-0.2040033229162546,13782.0,55068.5,246
2016-02-09,98428,0.23958153312903296,-104923,-0.25539087658488974,25606.0,68496.0,273
2016-02-16,117360,0.27362256127130974,-131984,-0.30771813332338566,18932.0,86912.5,282
2016-02-23,144978,0.32558108199151115,-163149,-0.366388196456242,27618.0,108397.0,290
2016-03-01,152413,0.3382783455959872,-171431,-0.38048850861714995,7435.0,128294.75,282
2016-03-08,174810,0.3502434333112941,-195372,-0.3914407645609184,22397.0,147390.25,290
2016-03-15,169512,0.34377775884936906,-185531,-0.376264992313714,-5298.0,160428.25,278
2016-03-22,178831,0.3502513812749839,-199994,-0.39170040287595065,9319.0,168891.5,274
2016-03-29,189806,0.39504975429847583,-207964,-0.43284262406313934,10975.0,178239.75,262
2016-04-05,190400,0.4016081199087101,-207245,-0.437139048374373,594.0,182137.25,254
2016-04-12,213807,0.42378048176198113,-231787,-0.45941810383272913,23407.0,193211.0,270
2016-04-19,216837,0.43080398385952784,-240121,-0.4770638009580177,3030.0,202712.5,275
2016-04-26,220857,0.4435912782897221,-240108,-0.48225691124840325,4020.0,210475.25,268
2016-05-03,271648,0.48013517765043995,-294901,-0.5212346272539918,50791.0,230787.25,299
2016-05-10,264898,0.45689635842746434,-284996,-0.4915614106803133,-6750.0,243560.0,290
2016-05-17,266288,0.44748494732614436,-290243,-0.48774024201910005,1390.0,255922.75,296
2016-05-24,206632,0.3805671893590296,-225213,-0.4147889892035848,-59656.0,252366.5,276
2016-05-31,197135,0.3987995654645463,-214038,-0.43299394522992146,-9497.0,233738.25,259
2016-06-07,228619,0.46061894304192774,-243692,-0.4909878508250559,31484.0,224668.5,252
2016-06-14,279862,0.5131721056115536,-298077,-0.546572245336541,51243.0,228062.0,279
2016-06-21,292729,0.5121964875935449,-312137,-0.5461552324777741,12867.0,249586.25,273
2016-06-28,301920,0.4918930191335175,-326321,-0.5316475288045461,9191.0,275782.5,279
2016-07-05,315963,0.48388519551404274,-340207,-0.5210139500835412,14043.0,297618.5,283
2016-07-12,297463,0.4699109032889956,-325452,-0.5141259359893843,-18500.0,302018.75,295
2016-07-19,285911,0.4633371632669928,-315477,-0.5112507677423432,-11552.0,300314.25,292
2016-07-26,278955,0.48402377130959096,-309023,-0.5361957228994058,-6956.0,294573.0,264
2016-08-02,294183,0.5052858843271597,-324027,-0.5565456509753337,15228.0,289128.0,293
2016-08-09,286447,0.4978232496059256,-312941,-0.543867820416789,-7736.0,286374.0,289
2016-08-16,283851,0.4958130711830301,-310993,-0.5432230094184064,-2596.0,285859.0,276
2016-08-23,294609,0.5141760606520727,-317475,-0.5540837002790707,10758.0,289772.5,279
2016-08-30,276341,0.4948817868258841,-301213,-0.5394234936371549,-18268.0,285312.0,288
2016-09-06,307860,0.5212170874417597,-329973,-0.5586551224401344,31519.0,290665.25,295
2016-09-13,285413,0.4963687082827538,-311371,-0.5415128990855684,-22447.0,291055.75,292
2016-09-20,256179,0.4584522656950452,-290615,-0.5200781687607711,-29234.0,281448.25,285
2016-09-27,291904,0.5005547353132326,-314594,-0.539463372893592,35725.0,285339.0,279
2016-10-04,245508,0.450618915466279,-271242,-0.49785251751024184,-46396.0,269751.0,287
2016-10-11,195219,0.3901820405813786,-221199,-0.44210797716697847,-50289.0,247202.5,281
2016-10-18,179618,0.3613600745180169,-202671,-0.4077386880081117,-15601.0,228062.25,293
2016-10-25,196980,0.3880484696139018,-217599,-0.4286676766144554,17362.0,204331.25,291
2016-11-01,215131,0.41251874379201775,-239251,-0.4587694101314271,18151.0,196737.0,289
2016-11-08,217238,0.41127748233160355,-245586,-0.46494624225913145,2107.0,202241.75,274
2016-11-15,177660,0.37071428124289235,-199966,-0.4172591014466746,-39578.0,201752.25,253
2016-11-22,167085,0.3623916089376266,-192172,-0.4168029462415033,-10575.0,194278.5,238
2016-11-29,151570,0.3736371009291009,-167823,-0.41370257431697893,-15515.0,178388.25,222
2016-12-06,136380,0.3465608196704648,-154944,-0.3937345625679755,-15190.0,158173.75,239
2016-12-13,129311,0.3256925099613635,-149886,-0.37751426829944035,-7069.0,146086.5,256
2016-12-20,114834,0.28804924484712574,-134022,-0.33618036376771243,-14477.0,133023.75,238
2016-12-27,98343,0.2449310483097683,-120967,-0.3012779162816646,-16491.0,119717.0,239
2017-01-03,96550,0.22735139742813884,-117612,-0.2769472040840835,-1793.0,109759.5,245
2017-01-10,109482,0.24658052571953668,-125816,-0.2833687311515064,12932.0,104802.25,253
2017-01-17,107041,0.228750878857624,-123111,-0.26309310868770797,-2441.0,102854.0,253
2017-01-24,109407,0.22680948807356946,-126374,-0.26198344023517023,2366.0,105620.0,250
2017-01-31,119155,0.2990590638827607,-131803,-0.3308034224072805,9748.0,111271.25,253
2017-02-07,117149,0.2819178761283429,-134146,-0.32282098362864975,-2006.0,113188.0,262
2017-02-14,109752,0.2643811065502688,-127788,-0.3078279470428398,-7397.0,113865.75,275
2017-02-21,123763,0.28972909955801934,-139564,-0.3267192299048618,14011.0,117454.75,275
2017-02-28,163798,0.3671934020951352,-179907,-0.4033056776684055,40035.0,128615.5,254
2017-03-07,133685,0.30774560832042286,-152648,-0.3513988227467248,-30113.0,132749.5,258
2017-03-14,106038,0.24881620010793815,-123287,-0.2892906586573433,-27647.0,131821.0,255
2017-03-21,116252,0.26014142499104903,-128997,-0.2886613856068743,10214.0,129943.25,256
2017-03-28,137820,0.3066632845146389,-152114,-0.3384688641754447,21568.0,123448.75,254
2017-04-04,155436,0.3633312140025432,-171016,-0.39974942030069566,17616.0,128886.5,255
2017-04-11,172666,0.3785447601675834,-187364,-0.41076795920470216,17230.0,145543.5,255
2017-04-18,195768,0.4145317333773766,-211064,-0.44692046592682466,23102.0,165422.5,265
2017-04-25,200677,0.421603621962877,-214580,-0.45081252560479845,4909.0,181136.75,274
2017-05-02,189634,0.4105476234290601,-203986,-0.44161894761909914,-11043.0,189686.25,256
2017-05-09,150006,0.3464077795456697,-164422,-0.3796985449145908,-39628.0,184021.25,260
2017-05-16,126724,0.29130547720684746,-142859,-0.32839564067022053,-23282.0,166760.25,263
2017-05-23,159767,0.3453883935906194,-174291,-0.37678674887368885,33043.0,156532.75,262
2017-05-30,167090,0.3847818978182873,-183219,-0.42192443914279004,7323.0,150896.75,253
2017-06-06,204465,0.41386241222894454,-216354,-0.43792721656704603,37375.0,164511.5,284
2017-06-13,190274,0.40386386887806863,-203611,-0.4321721633335739,-14191.0,180399.0,273
2017-06-20,150675,0.3379568052287699,-165016,-0.37012298106275554,-39599.0,178126.0,262
2017-06-27,131672,0.29057429867768303,-149863,-0.33071827057182707,-19003.0,169271.5,258
2017-07-03,93799,0.20515921881185736,-107226,-0.23452704609132527,-37873.0,141605.0,255
2017-07-11,60260,0.12668473245050654,-73916,-0.15539377171940993,-33539.0,109101.5,265
2017-07-18,60138,0.12419971747445292,-73635,-0.15207433230621803,-122.0,86467.25,266
2017-07-25,90831,0.19582947952577145,-103343,-0.22280505447074017,30693.0,76257.0,247
2017-08-01,129672,0.28898907755360376,-143385,-0.31955008702744986,38841.0,85225.25,260
2017-08-08,148837,0.3316871951097215,-159511,-0.35547448671463944,19165.0,107369.5,246
2017-08-15,187734,0.3928138750965118,-196631,-0.41142992251857524,38897.0,139268.5,269
2017-08-22,208438,0.4165069748203092,-219918,-0.43944665026786267,20704.0,168670.25,272
2017-08-29,231047,0.42875806077476225,-248029,-0.4602718626768731,22609.0,194014.0,288
2017-09-05,245298,0.432764013782226,-261807,-0.46188981628991366,14251.0,218129.25,290
2017-09-12,254760,0.43878292680406333,-272098,-0.46864482971240395,9462.0,234885.75,293
2017-09-19,236089,0.4141214812943785,-253041,-0.4438568241138335,-18671.0,241798.5,283
2017-09-26,212594,0.38678982674019396,-233471,-0.4247730775038798,-23495.0,237185.25,277
2017-10-03,203855,0.38820133034484994,-224423,-0.42736899835658804,-8739.0,226824.5,271
2017-10-10,200112,0.3848270689704907,-222997,-0.42883626118979623,-3743.0,213162.5,279
2017-10-17,200724,0.3795839636913767,-221624,-0.41910741301059,612.0,204321.25,281
2017-10-24,191385,0.3633841807265975,-210653,-0.3999684814515241,-9339.0,199019.0,276
2017-10-31,193095,0.3630164799837569,-210648,-0.39601592726698476,1710.0,196329.0,270
2017-11-07,195790,0.36470625490133984,-215287,-0.40102413554800936,2695.0,195248.5,275
2017-11-14,195084,0.3659741789762388,-215791,-0.40482014955332857,-706.0,193838.5,281
2017-11-21,201827,0.37965094843607744,-225056,-0.42334635034574086,6743.0,196449.0,279
2017-11-28,224417,0.4454397491117683,-246541,-0.48935312915583257,22590.0,204279.5,258
2017-12-05,173329,0.36660497678697956,-189890,-0.4016328429869182,-51088.0,198664.25,263
2017-12-12,107068,0.23973059751286335,-119463,-0.26748362134978887,-66261.0,176660.25,261
2017-12-19,113795,0.2508735766487726,-128217,-0.28266845974933585,6727.0,154652.25,249
2017-12-26,135948,0.297824610598725,-149469,-0.3274453961925209,22153.0,132535.0,241
2018-01-02,163268,0.3260593013014972,-177600,-0.3546814557117494,27320.0,130019.75,256
2018-01-09,203288,0.3659846432204229,-220271,-0.3965595772834883,40020.0,154074.75,269
2018-01-16,211711,0.36355659047314853,-232507,-0.39926811635267107,8423.0,178553.75,281
2018-01-23,214684,0.36860621440504376,-234552,-0.4027189953658951,2973.0,198237.75,276
2018-01-30,207262,0.37055273075740347,-225076,-0.4024014359986555,-7422.0,209236.25,268
2018-02-06,190877,0.35656549995236503,-205451,-0.3837902865757181,-16385.0,206133.5,261
2018-02-13,175606,0.34315137421958203,-194536,-0.3801424537611506,-15271.0,197107.25,251
2018-02-20,190922,0.3614892626014382,-214878,-0.40684724531102673,15316.0,191166.75,255
2018-02-27,178718,0.3353939120969861,-199796,-0.3749502683631723,-12204.0,184030.75,251
2018-03-06,183823,0.36178508167683526,-204903,-0.4032729777602834,5105.0,182267.25,262
2018-03-13,167948,0.31883089516707736,-188810,-0.35843511870636074,-15875.0,180352.75,252
2018-03-20,148731,0.27265127892076796,-167270,-0.3066366757775908,-19217.0,169805.0,268
2018-03-27,203354,0.38391134437123603,-226360,-0.4273442957201382,54623.0,175964.0,262
2018-04-03,166589,0.3378121064766466,-188865,-0.3829837713757323,-36765.0,171655.5,248
2018-04-10,155372,0.31100026421771537,-175652,-0.351593713219693,-11217.0,168511.5,254
2018-04-17,163069,0.31959963075403397,-185262,-0.36309578640179213,7697.0,172096.0,265
2018-04-24,136646,0.269832744219111,-161800,-0.319503959242511,-26423.0,155419.0,272
2018-05-01,106779,0.21029589015196276,-131872,-0.25971529632343093,-29867.0,140466.5,281
2018-05-08,107440,0.21864150851244815,-134984,-0.2746938326977318,661.0,128483.5,270
2018-05-15,92443,0.17778935990983888,-118089,-0.22711257447716932,-14997.0,110827.0,277
2018-05-22,90957,0.18084987931013913,-115575,-0.22979786933682214,-1486.0,99404.75,268
2018-05-29,115130,0.24527996386738307,-136689,-0.29121057049482085,24173.0,101492.5,262
2018-06-05,111416,0.24723893298656802,-134347,-0.29812422748928746,-3714.0,102486.5,266
2018-06-12,120240,0.2679771336876943,-140587,-0.3133241957231527,8824.0,109435.75,261
2018-06-19,96512,0.20607031141572985,-114124,-0.24367506859259733,-23728.0,110824.5,270
2018-06-26,76672,0.1636287195378308,-94963,-0.2026642593576668,-19840.0,101210.0,273
2018-07-03,78327,0.15850405938109616,-93150,-0.18850017403129327,1655.0,92937.75,276
2018-07-10,81434,0.16170598082181445,-100394,-0.19935543186660656,3107.0,83236.25,267
2018-07-17,57841,0.10948970049860111,-73635,-0.13938683799060345,-23593.0,73568.5,279
2018-07-24,48597,0.0978555032016431,-65668,-0.1322298739478877,-9244.0,66549.75,280
2018-07-31,35337,0.07806607681346721,-47918,-0.10585987120433885,-13260.0,55802.25,264
2018-08-07,12688,0.027614184915795016,-25609,-0.05573547143037473,-22649.0,38615.75,263
2018-08-14,-3688,-0.007735889029427003,-7350,-0.015417240880230063,-16376.0,23233.5,277
2018-08-21,-8710,-0.018005912389142703,-1685,-0.0034833481487606724,-5022.0,8906.75,290
2018-08-28,-3063,-0.006390796251901277,-8262,-0.017238249635392867,5647.0,-693.25,281
2018-09-04,-13497,-0.02852776685731678,6525,0.013791485422241385,-10434.0,-7239.5,270
2018-09-11,-7590,-0.01616785600170412,13,2.7691979976568325e-05,5907.0,-8215.0,269
2018-09-18,-10844,-0.02310006049812967,1691,0.0036021949743948057,-3254.0,-8748.5,272
2018-09-25,-17648,-0.03834196215773476,7080,0.015381974845691418,-6804.0,-12394.75,261
2018-10-02,-21822,-0.04746224248329622,8875,0.019302877923162584,-4174.0,-14476.0,277
2018-10-09,-38175,-0.08205213077615835,25866,0.05559555768581825,-16353.0,-22122.25,275
2018-10-16,17667,0.0372393121677508,-31996,-0.06744263497590733,55842.0,-14994.5,273
2018-10-23,29388,0.06150278759061762,-46520,-0.09735639304190594,11721.0,-3235.5,278
2018-10-30,13194,0.027780292710041878,-31205,-0.06570289783362565,-16194.0,5518.5,268
2018-11-06,19026,0.03844327565966406,-38136,-0.07705627880568426,5832.0,19818.75,258
2018-11-13,-9247,-0.017139309015421114,-1823,-0.003378929418742586,-28273.0,13090.25,263
2018-11-20,8896,0.016914476936532686,-23140,-0.04399741415370575,18143.0,7967.25,268
2018-11-27,1871,0.004225374378106644,-16100,-0.03635944814939442,-7025.0,5136.5,240
2018-12-04,49001,0.12252731178063558,-58249,-0.1456519945288921,47130.0,12630.25,245
2018-12-11,60499,0.15040149160969546,-77368,-0.19233809819763828,11498.0,30066.75,249
2018-12-18,75960,0.18415215098730864,-92675,-0.22467483666072705,15461.0,46832.75,249
2018-12-24,110985,0.2506849593541844,-128219,-0.2896118827177922,35025.0,74111.25,260
2018-12-31,123772,0.2742201347040057,-144614,-0.32039613612194257,12787.0,92804.0,248
2019-01-08,99216,0.21794601433994096,-121187,-0.26620931744692816,-24556.0,102483.25,253
2019-01-15,87913,0.175263404471646,-108113,-0.21553413542528482,-11303.0,105471.5,262
2019-01-22,74504,0.14508801208936942,-92077,-0.17930941814067525,-13409.0,96351.25,259
2019-01-29,99593,0.2060303274788473,-118609,-0.24536916361530028,25089.0,90306.5,261
2019-02-05,109095,0.22740632347791284,-131242,-0.27357129754698417,9502.0,92776.25,259
2019-02-12,104874,0.22028511835121187,-126111,-0.2648928863244434,-4221.0,97016.5,259
2019-02-19,145647,0.2886162187226909,-166477,-0.32989325042257933,40773.0,114802.25,290
2019-02-26,135696,0.2707054908751406,-159845,-0.3188813169801384,-9951.0,123828.0,269
2019-03-05,88018,0.18675142315795729,-113997,-0.24187213962754953,-47678.0,118558.75,253
2019-03-12,78819,0.14870667698054826,-108474,-0.2046563402071581,-9199.0,112045.0,265
2019-03-19,88396,0.17192213364244413,-115659,-0.22494617465667502,9577.0,97732.25,261
2019-03-26,119938,0.23536868959426974,-151434,-0.29717705931413435,31542.0,93792.75,257
2019-04-02,94556,0.21481700252175295,-118230,-0.26860076788513526,-25382.0,95427.25,257
2019-04-09,105364,0.23542976142861294,-132809,-0.29675402590612215,10808.0,102063.5,254
2019-04-16,56273,0.1277245273854297,-78430,-0.17801493936415777,-49091.0,94032.75,261
2019-04-23,37395,0.08497936588735774,-57396,-0.1304312256844708,-18878.0,73397.0,264
2019-04-30,66219,0.15399373504398725,-88312,-0.20537149049675474,28824.0,66312.75,235
2019-05-07,75411,0.1675654776586029,-96359,-0.21411255468970466,9192.0,58824.5,250
2019-05-14,124536,0.24041930906668985,-137183,-0.2648346026506047,49125.0,75890.25,250
2019-05-21,88805,0.17459200264232477,-107938,-0.21220777637753788,-35731.0,88742.75,258
2019-05-28,86688,0.1716165867526122,-109954,-0.21767638173445833,-2117.0,93860.0,252
2019-06-04,156115,0.32422974278029887,-172576,-0.3584170136761545,69427.0,114036.0,270
2019-06-11,184238,0.3709517318584231,-202027,-0.40676877480303547,28123.0,128961.5,264
2019-06-18,204323,0.3887157652824388,-223855,-0.425874559581155,20085.0,157841.0,275
2019-06-25,236554,0.40954285368028326,-260150,-0.4503943006033535,32231.0,195307.5,282
2019-07-02,258946,0.4273395945863431,-286822,-0.4733434661993006,22392.0,221015.25,286
2019-07-09,244763,0.40863505610399065,-278416,-0.4648191833743199,-14183.0,236146.5,288
2019-07-16,245501,0.40787672370825717,-277408,-0.4608871905632165,738.0,246441.0,287
2019-07-23,251250,0.4073053971815277,-287839,-0.4666204108232189,5749.0,250115.0,284
2019-07-30,254388,0.4516046568601344,-287967,-0.5112160881096685,3138.0,248975.5,271
2019-08-06,292545,0.48731753390292126,-324325,-0.5402562312911345,38157.0,260921.0,301
2019-08-13,290090,0.48839824769934775,-323727,-0.5450298167222819,-2455.0,272068.25,294
2019-08-20,299993,0.5043535129882466,-336250,-0.5653094196941193,9903.0,284254.0,288
2019-08-27,296838,0.46659215980307556,-333806,-0.5247012259051248,-3155.0,294866.5,293
2019-09-03,300547,0.47378136635779794,-337741,-0.5324138735540499,3709.0,296867.0,288
2019-09-10,269725,0.4387534505728317,-305611,-0.4971281148688986,-30822.0,291775.75,277
2019-09-17,282599,0.4478660517599328,-318399,-0.5046022916369515,12874.0,287427.25,278
2019-09-24,312444,0.47415865384615385,-345145,-0.5237850257381508,29845.0,291328.75,288
2019-10-01,268993,0.44470105887896044,-303688,-0.5020590690792465,-43451.0,283440.25,276
2019-10-08,275563,0.44664863191437976,-310942,-0.503992984924395,6570.0,284899.75,283
2019-10-15,253027,0.4165828376307033,-288275,-0.4746150312733068,-22536.0,277506.75,279
2019-10-22,259132,0.41426123211111254,-295357,-0.4721723088334975,6105.0,264178.75,277
2019-10-29,276515,0.42974347338221625,-301216,-0.468132325835118,17383.0,266059.25,280
2019-11-05,279828,0.4054414711503214,-317138,-0.4594997544122484,3313.0,267125.5,285
2019-11-12,267066,0.3769653461084065,-301468,-0.42552398643260125,-12762.0,270635.25,261
2019-11-19,285859,0.3974619409324941,-319095,-0.4436736924212783,18793.0,277317.0,258
2019-11-26,271634,0.4058673057728742,-305467,-0.45641955091234004,-14225.0,276096.75,245
2019-12-03,290705,0.41469096283109086,-322787,-0.4604559667682335,19071.0,278816.0,257
2019-12-10,270920,0.39263597404648964,-302283,-0.43808939961130605,-19785.0,279779.5,252
2019-12-17,286275,0.3992750217228485,-318619,-0.44438602094598645,15355.0,279883.5,272
2019-12-24,305652,0.40822344828691515,-340396,-0.4546269250751599,19377.0,288388.0,286
2019-12-31,327925,0.4171192852400129,-366491,-0.4661750826161396,22273.0,297693.0,284
2020-01-07,322291,0.41011405382913174,-356081,-0.45311169843877447,-5634.0,310535.75,306
2020-01-14,319235,0.4006046056949389,-349819,-0.4389841419631238,-3056.0,318775.75,290
2020-01-21,317695,0.4002058377811846,-351903,-0.4432982418127834,-1540.0,321786.5,303
2020-01-28,330092,0.461319369035091,-360814,-0.5042548344674435,12397.0,322328.25,284
2020-02-04,299806,0.45801836925502465,-331687,-0.5067234773256418,-30286.0,316707.0,293
2020-02-11,307974,0.46802852175604537,-337791,-0.5133414586702005,8168.0,313891.75,300
2020-02-18,353649,0.494394792798158,-385612,-0.5390784784927521,45675.0,322880.25,317
2020-02-25,335865,0.45825789277639895,-375621,-0.5125014155763886,-17784.0,324323.5,304
2020-03-03,319733,0.46205192309081844,-351011,-0.5072523248336308,-16132.0,329305.25,281
2020-03-10,299531,0.47284164995974554,-328304,-0.5182629011634331,-20202.0,327194.5,278
2020-03-17,281916,0.4912070392472884,-301709,-0.5256941237966634,-17615.0,309261.25,253
2020-03-24,288366,0.5268556311137258,-311823,-0.5697124607643596,6450.0,297386.5,252
2020-03-31,258849,0.5222393937682084,-283959,-0.5728999378596273,-29517.0,282165.5,238
2020-04-07,248942,0.5185751484220393,-275611,-0.5741297781481096,-9907.0,269518.25,251
2020-04-14,252501,0.5153449736205648,-280408,-0.5723021032114539,3559.0,262164.5,261
2020-04-21,249571,0.5060670211169646,-280073,-0.5679173814477307,-2930.0,252465.75,259
2020-04-28,262729,0.5246018497811572,-293629,-0.5863011565125715,13158.0,253435.75,257
2020-05-05,250004,0.5098553461556502,-281636,-0.5743652912349111,-12725.0,253701.25,253
2020-05-12,242828,0.4888442421472846,-278533,-0.5607230356384338,-7176.0,251283.0,249
2020-05-19,251788,0.47668613511799396,-290174,-0.5493586770288051,8960.0,251837.25,280
2020-05-26,237914,0.45807837897160814,-274322,-0.5281781529302584,-13874.0,245633.5,268
2020-06-02,219034,0.46040210617032234,-256623,-0.5394129207873966,-18880.0,237891.0,262
2020-06-09,208613,0.4385749514885601,-243457,-0.511828802445439,-10421.0,229337.25,260
2020-06-16,224348,0.45826175589250007,-258020,-0.5270414635092929,15735.0,222477.25,265
2020-06-23,251957,0.47351348710113306,-287292,-0.5399200527719361,27609.0,225988.0,285
2020-06-30,266670,0.4748160704238393,-301463,-0.5367663293140655,14713.0,237897.0,290
2020-07-07,267358,0.4667758425632359,-302592,-0.5282902914926603,688.0,252583.25,293
2020-07-14,262428,0.452325591416383,-302018,-0.520563623044771,-4930.0,262103.25,292
2020-07-21,266436,0.44174964933398325,-303859,-0.5037968093537466,4008.0,265723.0,297
2020-07-28,236801,0.3955722158465427,-278377,-0.4650242470712244,-29635.0,258255.75,289
2020-08-04,238746,0.42493819381777986,-276345,-0.4918597386786559,1945.0,251102.75,293
2020-08-11,224053,0.4049065230552368,-268331,-0.4849253178396841,-14693.0,241509.0,293
2020-08-18,223518,0.41087112369257917,-267771,-0.4922170548335508,-535.0,230779.5,275
2020-08-25,221038,0.4024126040904308,-266445,-0.4850787027428534,-2480.0,226838.75,278
2020-09-01,230796,0.42138819508347575,-277406,-0.5064889064166046,9758.0,224851.25,275
2020-09-08,236473,0.42419953467262944,-281040,-0.5041465081611676,5677.0,227956.25,283
2020-09-15,240977,0.416249082350909,-285186,-0.49261303277626634,4504.0,232321.0,297
2020-09-22,219060,0.3803937299110748,-266408,-0.4626126759707368,-21917.0,231826.5,290
2020-09-29,243659,0.4332516589733924,-286178,-0.5088549705189938,24599.0,235042.25,283
2020-10-06,248587,0.44745704745704745,-288468,-0.5192429192429192,4928.0,238070.75,278
2020-10-13,240671,0.4350547815696759,-284655,-0.5145635280017787,-7916.0,237994.25,288
2020-10-20,249604,0.44335187116003216,-294124,-0.5224292309140611,8933.0,245630.25,282
2020-10-27,248634,0.4432768764485648,-296462,-0.5285469780709574,-970.0,246874.0,274
2020-11-03,242909,0.44588948811800855,-289338,-0.5311156552992617,-5725.0,245454.5,267
2020-11-10,239736,0.4379147646630097,-283423,-0.5177158054905571,-3173.0,245220.75,280
2020-11-17,251270,0.45068184304785547,-294572,-0.5283489945886611,11534.0,245637.25,269
2020-11-24,243902,0.4392628225331516,-284829,-0.5129715643139253,-7368.0,244454.25,250
2020-12-01,260314,0.4838172484675918,-293263,-0.5450559621739567,16412.0,248805.5,251
2020-12-08,269220,0.48991847430484786,-300723,-0.5472466880186344,8906.0,256176.5,252
2020-12-15,271584,0.4934607152331358,-306342,-0.5566150525286809,2364.0,261255.0,251
2020-12-21,278196,0.49609732349684094,-315099,-0.5619051695083002,6612.0,269828.5,260
2020-12-29,268872,0.4832229239379311,-307254,-0.5522039344804408,-9324.0,271968.0,258
2021-01-05,279318,0.4909894390459985,-320923,-0.5641233423802224,10446.0,274492.5,268
2021-01-12,246227,0.44322260583434436,-290301,-0.5225583128426858,-33091.0,268153.25,263
2021-01-19,246638,0.45561487447582805,-287467,-0.53103836846286,411.0,260263.75,252
2021-01-26,257546,0.4817780138951763,-298948,-0.5592265991237882,10908.0,257432.25,247
2021-02-02,257126,0.49446261713694517,-297957,-0.572982109993827,-420.0,251884.25,240
2021-02-09,251407,0.49612523952078086,-292195,-0.5766160622487622,-5719.0,253179.25,247
2021-02-16,234969,0.4671203301684241,-275078,-0.5468573564260382,-16438.0,250262.0,252
2021-02-23,215733,0.4483928293063133,-251729,-0.5232091452325279,-19236.0,239808.75,234
2021-03-02,189638,0.4060701315609154,-222203,-0.47580127107030284,-26095.0,222936.75,248
2021-03-09,175163,0.3696427930808174,-207880,-0.43868478974235603,-14475.0,203875.75,243
2021-03-16,180196,0.3781919839149406,-209475,-0.4396421997745909,5033.0,190182.5,252
2021-03-23,174067,0.35856316831356844,-201803,-0.4156969618318409,-6129.0,179766.0,247
2021-03-30,167528,0.35848592295231757,-193726,-0.41454589029810346,-6539.0,174238.5,243
2021-04-06,189509,0.4089948700019208,-214799,-0.46357528709213064,21981.0,177825.0,246
2021-04-13,180874,0.39257878207117786,-208788,-0.453164848187562,-8635.0,177994.5,252
2021-04-20,181498,0.3847432261127999,-213193,-0.45193094471931455,624.0,179852.25,247
2021-04-27,170619,0.3604842543391682,-207177,-0.4377240891180106,-10879.0,180625.0,243
2021-05-04,170741,0.363015344186452,-201923,-0.4293119247524668,122.0,175933.0,244
2021-05-11,192255,0.38551774338119843,-227084,-0.45535830661348764,21514.0,178778.25,255
2021-05-18,198889,0.38217751388328436,-232901,-0.4475336753713418,6634.0,183126.0,267
2021-05-25,214642,0.4207313726566359,-250869,-0.4917418712414047,15753.0,194131.75,264
2021-06-01,213701,0.43683948012870044,-248175,-0.5073099235892216,-941.0,204871.75,260
2021-06-08,209387,0.4257061997568404,-244806,-0.49771682070841583,-4314.0,209154.75,254
2021-06-15,192036,0.3999691748224949,-231226,-0.48159341174314296,-17351.0,207441.5,254
2021-06-22,166214,0.3661585231528396,-202382,-0.44583425122262854,-25822.0,195334.5,241
2021-06-29,162226,0.35783042173989765,-195120,-0.4303864478560085,-3988.0,182465.75,231
2021-07-06,182821,0.3924789238553834,-214726,-0.46097236862160834,20595.0,175824.25,241
2021-07-13,190836,0.38490675638062277,-221028,-0.4458025244151852,8015.0,175524.25,240
2021-07-20,195972,0.39951887792546686,-228548,-0.4659300334339069,5136.0,182963.75,241
2021-07-27,199388,0.39862691353433816,-228814,-0.4574569111152429,3416.0,192254.25,236
2021-08-03,196335,0.4042618029374278,-231284,-0.4762232247463776,-3053.0,195632.75,233
2021-08-10,168406,0.35288077915982163,-195641,-0.40994945854427195,-27929.0,190025.25,236
2021-08-17,191542,0.39453742134154507,-214000,-0.44079631708497685,23136.0,188917.75,233
2021-08-24,210653,0.4173536608319217,-234678,-0.46495289607417756,19111.0,191734.0,237
2021-08-31,216550,0.4270251403533335,-240512,-0.47427693630413736,5897.0,196787.75,238
2021-09-07,206039,0.40657139699904493,-235808,-0.4653137900278626,-10511.0,206196.0,234
2021-09-14,207760,0.41030421284629787,-234251,-0.4626211598164138,1721.0,210250.5,234
2021-09-21,187647,0.3808042373139326,-212644,-0.43153227197548527,-20113.0,204499.0,225
2021-09-28,168399,0.3430707047659405,-190151,-0.3873849463592322,-19248.0,192461.25,228
2021-10-05,182582,0.37740006490432815,-203702,-0.42105546012827905,14183.0,186597.0,231
2021-10-12,185539,0.38304272247936544,-207614,-0.42861625741666703,2957.0,181041.75,241
2021-10-19,193349,0.3978587331832567,-219190,-0.4510323597558717,7810.0,182467.25,239
2021-10-26,214560,0.42087588319988073,-239654,-0.4700996873246841,21211.0,194007.5,250
2021-11-02,215129,0.4238026382147135,-239877,-0.47255602660278634,569.0,202144.25,248
2021-11-09,250181,0.4381261766122324,-275489,-0.48244647782496386,35052.0,218304.75,260
2021-11-16,259780,0.42405307111189466,-287539,-0.4693656017185429,9599.0,234912.5,276
2021-11-23,234411,0.4187234179374552,-267834,-0.47842621685782827,-25369.0,239875.25,241
2021-11-30,225860,0.4246542375175795,-258603,-0.4862165048470673,-8551.0,242558.0,229
2021-12-07,217185,0.434972872401148,-245623,-0.491927811947359,-8675.0,234309.0,227
2021-12-14,202401,0.4018212896732042,-231411,-0.4594140664550365,-14784.0,219964.25,232
2021-12-21,205811,0.41092671200329045,-236029,-0.4712606270190837,3410.0,212814.25,235
2021-12-28,213156,0.41884648033451755,-245664,-0.48272392869494135,7345.0,209638.25,233
2022-01-04,211355,0.4204254083311286,-237458,-0.47234925415293294,-1801.0,208180.75,239
2022-01-11,199737,0.3654732889796456,-225073,-0.41183240746839983,-11618.0,207514.75,251
2022-01-18,194207,0.3601735150332713,-221068,-0.4099895401369426,-5530.0,204613.75,249
2022-01-25,220151,0.3848268942347023,-249746,-0.4365593502983859,25944.0,206362.5,258
2022-02-01,172142,0.33404161597109433,-201342,-0.39070422699197216,-48009.0,196559.25,251
2022-02-08,186706,0.36406144582541994,-211434,-0.41227902550883117,14564.0,193301.5,245
2022-02-15,213613,0.38237700149468806,-238875,-0.42759713234701824,26907.0,198153.0,246
2022-02-22,243148,0.39763331414516717,-269722,-0.44109123972997016,29535.0,203902.25,278
2022-03-01,257622,0.41848927875243663,-285809,-0.46427712800519816,14474.0,225272.25,268
2022-03-08,274388,0.4297371034076636,-306946,-0.4807283297468136,16766.0,247192.75,262
2022-03-15,261788,0.42387610203932935,-297441,-0.48160393779195443,-12600.0,259236.5,266
2022-03-22,248032,0.409840860158198,-281595,-0.4652993848223123,-13756.0,260457.5,253
2022-03-29,257596,0.44836655231053346,-285937,-0.497696341822144,9564.0,260451.0,251
2022-04-05,245541,0.4379452294235784,-278758,-0.49719084089279536,-12055.0,253239.25,253
2022-04-12,254287,0.44021785232645305,-288093,-0.49874229406255466,8746.0,251364.0,269
2022-04-19,239757,0.41682226417849727,-275525,-0.4790056362808196,-14530.0,249295.25,260
2022-04-26,218024,0.3908746201493407,-249294,-0.4469356472475954,-21733.0,239402.25,254
2022-05-03,199168,0.3553772832465862,-231852,-0.41369564325236735,-18856.0,227809.0,255
2022-05-10,193315,0.3382903401365306,-227756,-0.3985601464352775,-5853.0,212566.0,253
2022-05-17,175360,0.31553415527677614,-206879,-0.37224789296021993,-17955.0,196466.75,243
2022-05-24,183813,0.3467528645646654,-211947,-0.3998260698965097,8453.0,187914.0,243
2022-05-31,172589,0.33595796948544154,-200056,-0.38942463044214576,-11224.0,181269.25,236
2022-06-07,175268,0.35470018011454474,-199886,-0.40452107744925425,2679.0,176757.5,245
2022-06-14,154598,0.3107772345694896,-178569,-0.3589644109227751,-20670.0,171567.0,252
2022-06-21,163287,0.32639383060550575,-186929,-0.37365174423718106,8689.0,166435.5,253
2022-06-28,157693,0.31728654641301396,-182007,-0.36620758342471404,-5594.0,162711.5,245
2022-07-05,145660,0.29236667268822386,-165585,-0.3323598482567592,-12033.0,155309.5,256
2022-07-12,118121,0.21773737172645546,-137788,-0.25399037406934283,-27539.0,146190.25,238
2022-07-19,94955,0.1809404214289253,-112262,-0.21391957864729624,-23166.0,129107.25,236
2022-07-26,92690,0.19012748325692544,-108422,-0.22239725957150036,-2265.0,112856.5,239
2022-08-02,124326,0.2704803012733629,-135565,-0.2949315673481287,31636.0,107523.0,239
2022-08-09,142851,0.3149689112316444,-154554,-0.3407725889667946,18525.0,113705.5,228
2022-08-16,141164,0.31096131817781303,-153709,-0.3385959115340559,-1687.0,125257.75,230
2022-08-23,125847,0.2749179704737396,-138072,-0.3016239880112373,-15317.0,133547.0,242
2022-08-30,117734,0.25640891618481376,-129679,-0.2824235296679843,-8113.0,131899.0,245
2022-09-06,103857,0.22291310730873906,-114064,-0.24482086592202754,-13877.0,122150.5,254
2022-09-13,97344,0.20994060482149096,-110938,-0.2392586170455967,-6513.0,111195.5,251
2022-09-20,65722,0.14001427369273214,-75428,-0.16069195453722346,-31622.0,96164.25,266
2022-09-27,52081,0.1139475912405565,-62138,-0.13595121876511013,-13641.0,79751.0,258
2022-10-04,88385,0.20222392550307164,-96548,-0.22090078134831204,36304.0,75883.0,254
2022-10-11,94420,0.2188713360145574,-103728,-0.24044784941874617,6035.0,75152.0,253
2022-10-18,76956,0.17703202891182676,-90030,-0.20710787414797757,-17464.0,77960.5,248
2022-10-25,68032,0.14916942938834218,-80213,-0.1758779315546668,-8924.0,81948.25,247
2022-11-01,64623,0.13829728040815278,-74782,-0.16003817872092724,-3409.0,76007.75,255
2022-11-08,82338,0.16856271917882534,-91144,-0.18659040147726272,17715.0,72987.25,258
2022-11-15,126269,0.25500079770422746,-134308,-0.27123559336067743,43931.0,85315.5,241
2022-11-22,116113,0.25829177251513763,-130064,-0.2893255802572396,-10156.0,97335.75,214
2022-11-29,110003,0.2536612699781627,-119233,-0.2749451760707096,-6110.0,108680.75,212
2022-12-06,115125,0.27274342572850035,-130079,-0.3081710495143331,5122.0,116877.5,221
2022-12-13,125649,0.2875,-138529,-0.3169709866373787,10524.0,116722.5,232
2022-12-20,128848,0.2950809910844538,-142514,-0.3263781538200814,3199.0,119906.25,220
2022-12-27,136880,0.3110626306699391,-153776,-0.3494591400781747,8032.0,126625.5,218
2023-01-03,141666,0.31523855511768095,-159974,-0.3559779524825709,4786.0,133260.75,227
2023-01-10,150535,0.3126252546628482,-172478,-0.35819562675616123,8869.0,139482.25,241
2023-01-17,153240,0.3115786734117092,-175913,-0.3576790601401331,2705.0,145580.25,234
2023-01-24,157673,0.31539204723889686,-180554,-0.36116072946650213,4433.0,150778.5,244
2023-01-31,160281,0.3398361469080362,-180520,-0.3827479316939543,2608.0,155432.25,228
2023-02-07,128815,0.29292446930677307,-152966,-0.34784368568862206,-31466.0,150002.25,222
2023-02-14,105529,0.24765322118859653,-129072,-0.3029034347454684,-23286.0,138074.5,226
2023-02-21,107101,0.25340472449887375,-129355,-0.306058469459219,1572.0,125431.5,222
2023-02-28,108593,0.2543816908337042,-127487,-0.2986413361755956,1492.0,112509.5,217
2023-03-07,98474,0.21478644372418065,-118920,-0.25938221142311235,-10119.0,104924.25,233
2023-03-14,140331,0.3056894027847969,-155440,-0.3386020249899796,41857.0,113624.75,237
2023-03-21,158605,0.3375479383834815,-183568,-0.39067494690065846,18274.0,126500.75,233
2023-03-28,181630,0.37949399407869855,-201508,-0.4210266792865187,23025.0,144760.0,231
2023-04-04,195216,0.40960821835028705,-218250,-0.45793886594823247,13586.0,168945.5,259
2023-04-11,192745,0.4044447055713048,-216548,-0.4543915126309627,-2471.0,182049.0,256
2023-04-18,189893,0.39376137885844387,-216425,-0.4487780298349003,-2852.0,189871.0,248
2023-04-25,185264,0.39150565606317717,-211928,-0.4478528514884544,-4629.0,190779.5,246
2023-05-02,195567,0.39604174935804487,-217584,-0.4406282654656503,10303.0,190867.25,261
2023-05-09,195814,0.37732656840433876,-222515,-0.4287784395829279,247.0,191634.5,266
2023-05-16,179814,0.3445821643747413,-211557,-0.40541208664857653,-16000.0,189114.75,252
2023-05-23,160732,0.3355013776404776,-187023,-0.39037947733155215,-19082.0,182981.75,240
2023-05-30,169316,0.37666373758384036,-190005,-0.42268889803454834,8584.0,176419.0,222
2023-06-06,175641,0.4025684103405676,-198187,-0.4542437445708353,6325.0,171375.75,225
2023-06-13,160209,0.3700848698769687,-186062,-0.42980563550767154,-15432.0,166474.5,223
2023-06-20,162975,0.3720576115716252,-186537,-0.4258475882174337,2766.0,167035.25,230
2023-06-27,151910,0.35175669949358707,-175335,-0.4059986893931149,-11065.0,162683.75,219
2023-07-03,163097,0.3640046154223848,-184717,-0.412256758536188,11187.0,159547.75,219
2023-07-11,165754,0.34305523935674814,-187749,-0.3885775192996254,2657.0,160934.0,227
2023-07-18,193348,0.4010503957652291,-213715,-0.4432964671523157,27594.0,168527.25,239
2023-07-25,173639,0.3646529854507577,-198210,-0.416253654111085,-19709.0,173959.5,240
2023-08-01,164924,0.37535362087290586,-186845,-0.42524403538598443,-8715.0,174416.25,232
2023-08-08,142985,0.33426532229596573,-167554,-0.3917018695106357,-21939.0,168724.0,222
2023-08-15,121136,0.2793656064998351,-141930,-0.3273210319848897,-21849.0,150671.0,234
2023-08-22,101946,0.23695201969138083,-121036,-0.2813227066816351,-19190.0,132747.75,237
2023-08-29,123272,0.2783882783882784,-140594,-0.31750698951685385,21326.0,122334.75,228
2023-09-05,138006,0.31459951854688695,-158239,-0.36072281795966005,14734.0,121090.0,232
2023-09-12,123864,0.2807300649787748,-144810,-0.32820287338997917,-14142.0,121772.0,233
2023-09-19,135163,0.3085363793662316,-152932,-0.3490976492770694,11299.0,130076.25,224
2023-09-26,115815,0.2658624489233736,-134836,-0.3095266516688857,-19348.0,128212.0,246
2023-10-03,91226,0.21155032396005807,-111982,-0.2596828577126611,-24589.0,116517.0,244
2023-10-10,71433,0.16364985944984983,-90428,-0.20716656853738497,-19793.0,103409.25,233
2023-10-17,112738,0.25646695375823797,-127999,-0.291184104863495,41305.0,97803.0,234
2023-10-24,149385,0.32231442404784716,-165873,-0.35788908163529504,36647.0,106195.5,240
2023-10-31,163425,0.3434683737978344,-182707,-0.3839931232766158,14040.0,124245.25,240
2023-11-07,166216,0.343175450658309,-186091,-0.3842100807891863,2791.0,147941.0,238
2023-11-14,155376,0.31928718503022807,-177019,-0.3637620881401628,-10840.0,158600.5,239
2023-11-21,171705,0.3377167706798786,-190235,-0.3741623707538319,16329.0,164180.5,247
2023-11-28,200084,0.3956903677979979,-218592,-0.4322921816721974,28379.0,173345.25,254
2023-12-05,203544,0.41755270591565824,-226945,-0.4655578098299584,3460.0,182677.25,256
2023-12-12,188233,0.4005477306629158,-212808,-0.4528417518018296,-15311.0,190891.5,248
2023-12-19,201339,0.418407615912619,-227058,-0.471854913622733,13106.0,198300.0,240
2023-12-26,207718,0.42275559029028603,-232345,-0.4728773992913301,6379.0,200208.5,247
2024-01-02,207649,0.41499588299717804,-235478,-0.4706133934495687,-69.0,201234.75,245
2024-01-09,188614,0.3850451873944828,-217701,-0.4444247104720026,-19035.0,201330.0,242
2024-01-16,179893,0.36762824573808484,-207420,-0.42388225629120396,-8721.0,195968.5,238
2024-01-23,169474,0.36377803345124843,-192093,-0.4123299962221383,-10419.0,186407.5,232
2024-01-30,147791,0.3434380286665055,-170518,-0.39625123161867226,-21683.0,171443.0,231
2024-02-06,161738,0.38589810579760975,-180241,-0.4300452613922948,13947.0,164724.0,236
2024-02-13,131168,0.31170213777173655,-152980,-0.36353526040131934,-30570.0,152542.75,238
2024-02-20,140262,0.3445707421209985,-159411,-0.3916126005065555,9094.0,145239.75,242
2024-02-27,141636,0.3444497136395141,-158352,-0.3851019589245978,1374.0,143701.0,249
2024-03-05,191293,0.40561176889672956,-206792,-0.43847536979237345,49657.0,151089.75,269
2024-03-12,201602,0.3906583962624284,-218273,-0.42296296726911947,10309.0,168698.25,269
2024-03-19,201602,0.37679306677731117,-217530,-0.4065624141430566,0.0,184033.25,264
2024-03-26,199294,0.3957056798281319,-218340,-0.43352222411951347,-2308.0,198447.75,255
2024-04-02,207250,0.41446269835714783,-225714,-0.4513873751362377,7956.0,202437.0,272
2024-04-09,202419,0.4006599183712249,-224582,-0.44452845724781975,-4831.0,202641.25,257
2024-04-16,201923,0.3904209840427075,-222758,-0.43070575201133815,-496.0,202721.5,263
2024-04-23,202891,0.3930099622469002,-226872,-0.43946235246944787,968.0,203620.75,256
2024-04-30,204210,0.39286944175639826,-227498,-0.43767206434894024,1319.0,202860.75,255
2024-05-07,199567,0.37665877112686025,-227266,-0.4289373106721904,-4643.0,202147.75,256
2024-05-14,204496,0.39104162523520325,-232110,-0.44384570668053663,4929.0,202791.0,265
2024-05-21,229806,0.4331132642656962,-258663,-0.48749978797227994,25310.0,209519.75,257
2024-05-28,236585,0.4873720206826937,-260950,-0.5375646334177945,6779.0,217613.5,250
2024-06-04,237302,0.5302980191647597,-265931,-0.5942751537471396,717.0,227047.25,246
2024-06-11,233926,0.535474995250162,-260511,-0.5963301492250325,-3376.0,234404.75,232
2024-06-18,243084,0.5470614049893664,-267730,-0.6025273154868401,9158.0,237724.25,239
2024-06-25,246229,0.5445255313032132,-271488,-0.6003847940025211,3145.0,240135.25,233
2024-07-02,241543,0.531178941349812,-264799,-0.5823213775207265,-4686.0,241195.5,237
2024-07-09,254775,0.49344016547749087,-280629,-0.5435133753224719,13232.0,246407.75,249
2024-07-16,285024,0.49153764171475284,-309304,-0.5334096733360696,30249.0,256892.75,271
2024-07-23,273074,0.4771468410256052,-300925,-0.5258113666465143,-11950.0,263604.0,262
2024-07-30,246601,0.4826663587218201,-272857,-0.5340566122674266,-26473.0,264868.5,250
2024-08-06,238749,0.4967262740692195,-269034,-0.5597353556158912,-7852.0,260862.0,239
2024-08-13,267264,0.5283233703387418,-292502,-0.5782134611126926,28515.0,256422.0,261
2024-08-20,291253,0.5465772885166468,-316506,-0.5939681008581879,23989.0,260966.75,270
2024-08-27,294445,0.5643314250448962,-322319,-0.617754557180614,3192.0,272927.75,254
2024-09-03,287558,0.5625860827646654,-311887,-0.6101839823452075,-6887.0,285130.0,245
2024-09-10,282501,0.5522980404730391,-306899,-0.5999968719513745,-5057.0,288939.25,250
2024-09-17,310066,0.5767307073491472,-335127,-0.6233448096914775,27565.0,293642.5,258
2024-09-24,315390,0.5585682913006518,-339706,-0.6016328988381978,5324.0,298878.75,265
2024-10-01,299931,0.5626093823566376,-327524,-0.6143682225144296,-15459.0,301972.0,253
2024-10-08,278180,0.5346366438856387,-303976,-0.5842142082888091,-21751.0,300891.75,248
2024-10-15,286434,0.5292259142105419,-312658,-0.5776783338753068,8254.0,294983.75,259
2024-10-22,296204,0.5162506971556051,-324701,-0.565917805354155,9770.0,290187.25,271
2024-10-29,278653,0.48087728744296493,-303671,-0.5240513712577743,-17551.0,284867.75,265
2024-11-05,255329,0.4575509735965909,-283059,-0.5072432862513754,-23324.0,279155.0,243
2024-11-12,236451,0.4411555633501934,-265582,-0.49550637056164304,-18878.0,266659.25,247
2024-11-19,234367,0.46598283732841306,-262322,-0.5215646821167825,-2084.0,251200.0,229
2024-11-26,250338,0.5296365251978166,-272520,-0.5765666652562096,15971.0,244121.25,225
2024-12-03,259736,0.5621504631633625,-286275,-0.6195892130551467,9398.0,245223.0,230
2024-12-10,275586,0.5701629888320168,-296871,-0.6141997657992411,15850.0,255006.75,242
2024-12-17,262041,0.5616315630418521,-285233,-0.6113388959022313,-13545.0,261925.25,219
2024-12-24,247629,0.5446633204735113,-273336,-0.6012062131856434,-14412.0,261248.0,217
2024-12-31,247279,0.5392229122690717,-271296,-0.5915949967726741,-350.0,258133.75,206
2025-01-07,254911,0.5343564416624916,-278646,-0.5841108663160344,7632.0,252965.0,226
2025-01-14,279363,0.530637247918673,-302452,-0.5744937479462151,24452.0,257295.5,230
2025-01-21,300784,0.5264102963490594,-326608,-0.5716055843062583,21421.0,270584.25,242
2025-01-28,299409,0.518452654089575,-323722,-0.5605527224872512,-1375.0,283616.75,229
2025-02-04,302508,0.5581287222972524,-328175,-0.6054844613692888,3099.0,295516.0,246
2025-02-11,284504,0.5381005789464726,-309888,-0.586110958751246,-18004.0,296801.25,242
2025-02-18,268674,0.5143759692148642,-296071,-0.5668274845404246,-15830.0,288773.75,243
2025-02-25,261625,0.5108077449485434,-288100,-0.5624986576958446,-7049.0,279327.75,238
2025-03-04,243261,0.49719173462505367,-271115,-0.5541214462362295,-18364.0,264516.0,232
2025-03-11,236100,0.4617858064919926,-265188,-0.5186787566793669,-7161.0,252415.0,237
2025-03-18,257932,0.48341161168440266,-285168,-0.534456843202153,21832.0,249729.5,260
2025-03-25,249796,0.4883769125795238,-278598,-0.544687789599634,-8136.0,246772.25,254
2025-04-01,238434,0.4780669920159761,-265061,-0.531454888861264,-11362.0,245565.5,262
2025-04-08,200715,0.45057108479172464,-232183,-0.521211400145465,-37719.0,236719.25,243
2025-04-15,202210,0.442833115796666,-231912,-0.5078794992860709,1495.0,222788.75,246
2025-04-22,175378,0.3768725112871789,-202268,-0.43465685042043534,-26832.0,204184.25,260
2025-04-29,163318,0.36142855878265334,-190761,-0.4221608965450087,-12060.0,185405.25,245
2025-05-06,162497,0.3591776558638769,-192103,-0.42461771740043414,-821.0,175850.75,259
2025-05-13,161209,0.36568430412710223,-191207,-0.4337313595347086,-1288.0,165600.5,249
2025-05-20,163981,0.36602901785714287,-197648,-0.4411785714285714,2772.0,162751.25,242
2025-05-27,174184,0.3981002792900274,-207587,-0.47444336263364556,10203.0,165467.75,224
2025-06-03,187905,0.45175878309664114,-220826,-0.5309070276794065,13721.0,171819.75,247
2025-06-10,187481,0.449440599506644,-222718,-0.5339128308517702,-424.0,178387.75,244
2025-06-17,200648,0.4547634481226797,-237727,-0.5388020325737624,13167.0,187554.5,252
2025-06-24,195004,0.44832834434589086,-230560,-0.5300741680805963,-5644.0,192759.5,239
2025-07-01,201980,0.46149768542848135,-236069,-0.5393865585771669,6976.0,196278.25,234
2025-07-08,202968,0.4580181611394942,-238354,-0.5378703085227375,988.0,200150.0,233
2025-07-15,213115,0.47513995688146415,-250688,-0.5589089717321657,10147.0,203266.75,238
2025-07-22,253038,0.5170128906896488,-282337,-0.576877261591711,39923.0,217775.25,261
2025-07-29,223596,0.5021706467471742,-259079,-0.5818613436224759,-29442.0,223179.25,227
2025-08-05,237050,0.5271913300878245,-270146,-0.6007957353212631,13454.0,231699.75,238
2025-08-12,229485,0.5143650594416252,-263065,-0.589630888127813,-7565.0,235792.25,248
2025-08-19,212590,0.4847665326617124,-249965,-0.5699923154277479,-16895.0,225680.25,253
2025-08-26,214311,0.4829434829637642,-250965,-0.5655421849648459,1721.0,223359.0,245
2025-09-02,249530,0.506240515471447,-273898,-0.5556777329643666,35219.0,226479.0,285
2025-09-09,261740,0.5135933284277655,-273375,-0.5364238410596026,12210.0,234542.75,275
2025-09-16,266410,0.5160774164553553,-302371,-0.5857394410533473,4670.0,247997.75,274
2025-09-23,266749,0.5044526266620524,-298403,-0.564313932400258,339.0,261107.25,283
2025-09-30,252908,0.512220808995682,-288236,-0.5837714785680145,-13841.0,261951.75,278
2025-10-07,231956,0.47770919702857945,-263772,-0.5432336750013902,-20952.0,254505.75,280
2025-10-14,203916,0.41976335356163597,-236867,-0.4875933534792955,-28040.0,238882.25,266
2025-10-21,176609,0.373838165534555,-210117,-0.4447664265559744,-27307.0,216347.25,261
2025-10-28,204664,0.44772292735856073,-237027,-0.5185202199850368,28055.0,204286.25,252
2025-11-04,202307,0.44917284452230133,-236542,-0.5251832264281227,-2357.0,196874.0,239
2025-11-10,207069,0.450152935780016,-244823,-0.5322273840916354,4762.0,197662.25,243
2025-11-18,210339,0.4456778535150746,-245585,-0.5203590188006009,3270.0,206094.75,248
2025-11-25,204588,0.47254853954072795,-241403,-0.5575822388935341,-5751.0,206075.75,236
2025-12-02,217560,0.5198690530239671,-255348,-0.6101651174460561,12972.0,209889.0,242
2025-12-09,223886,0.5175729190025176,-262579,-0.6070222322912645,6326.0,214093.25,248
2025-12-16,233978,0.49667050879550323,-274358,-0.5823860681436575,10092.0,220003.0,264
2025-12-23,240700,0.4891252441054007,-283526,-0.5761517405908926,6722.0,229031.0,254
2025-12-30,231173,0.4797454063992894,-275246,-0.571208593260367,-9527.0,232434.25,237
2026-01-06,227632,0.4663481631415483,-272035,-0.5573162936678986,-3541.0,233370.75,246
2026-01-13,251238,0.47632120275663326,-297106,-0.563282175730631,23606.0,237685.75,256
2026-01-20,244770,0.4635760335148976,-289689,-0.5486492526571768,-6468.0,238703.25,263
2026-01-27,205396,0.4204944898590067,-248285,-0.508298479106913,-39374.0,232259.0,244
2026-02-03,165604,0.4042138766982187,-207778,-0.5071541199041235,-39792.0,216752.0,235
2026-02-10,160012,0.3956863530592916,-197738,-0.48897725221382277,-5592.0,193945.5,221
2026-02-17,159915,0.39283626233793034,-196782,-0.4834012154918713,-97.0,172731.75,229
2026-02-24,159177,0.378828698040373,-200806,-0.47790243275532984,-738.0,161177.0,223
2026-03-03,160145,0.39079867932033313,-200583,-0.48947873173755274,968.0,159812.25,215
2026-03-10,163132,0.3940805302979061,-202976,-0.4903323058489308,2987.0,160592.25,221
2026-03-17,159869,0.38860880725738234,-198648,-0.48287261660524855,-3263.0,160580.75,231
2026-03-24,168327,0.4167283530358359,-203828,-0.504618431639537,8458.0,162868.25,222
2026-03-31,163202,0.4515714882584551,-201640,-0.5579274450829946,-5125.0,163632.5,197
2026-04-07,156305,0.4404483807065547,-193751,-0.5459666306917608,-6897.0,161925.75,205
2026-04-14,162526,0.44862728211243424,-201082,-0.5550550136084842,6221.0,162590.0,213
2026-04-21,164006,0.44829735240896346,-202940,-0.5547203437549543,1480.0,161509.75,217
2026-04-28,159571,0.43182150299028493,-194813,-0.5271912970530133,-4435.0,160602.0,210
2026-05-05,163303,0.4438401661176522,-198935,-0.5406841481578117,3732.0,162351.5,214
2026-05-12,171622,0.4558401682886405,-210258,-0.5584601164421401,8319.0,164625.5,216
2026-05-19,159833,0.42136162920978054,-191629,-0.505184208791933,-11789.0,163582.25,215
2026-05-26,154260,0.4363926458814843,-185766,-0.5255213033503164,-5573.0,162254.5,192
2026-06-02,176020,0.5398525388588323,-206345,-0.632859175836983,21760.0,165433.75,195
2026-06-09,173837,0.5224896230639988,-201036,-0.6042397410349585,-2183.0,165987.5,202
2026-06-16,180220,0.531105413609171,-207563,-0.6116847906168037,6383.0,171084.25,217
2026-06-23,181339,0.514923317630556,-205404,-0.5832573750521769,1119.0,177854.0,213
2026-06-30,194019,0.5250269929453024,-221070,-0.5982286133338385,12680.0,182353.75,198
